branch_code,drink_code,trading_date,quantity
B01,R05,2026-09-01,112
B01,R07,2026-09-01,143
B01,R08,2026-09-01,87
B01,R05,2026-09-02,104
B01,TRA-99,2026-09-02,31
B01,R07,2026-09-02,151
B01,R08,2026-09-02,92
B01,R05,2026-09-03,98
B01,R07,2026-09-03,139
B01,R08,2026-09-03,85
B01,R07,2025-12-31,54
B01,R05,2026-09-04,121
B01,R07,2026-09-04,160
B01,R08,2026-09-04,97
B01,R05,2026-09-05,133
B01,R07,2026-09-05,172
B01,R05,2026-09-01,110
B01,R08,2026-09-05,105
B01,R05,2026-09-06,127
B01,R07,2026-09-06,168
B01,R08,2026-09-06,abc
B01,R05,2026-09-07,95
B01,R07,2026-09-07,136
B01,R08,2026-09-07,81
